driverid,truckid,model,Risk factor,Total No of Events,Total_Miles,jun13_miles,may13_miles,apr13_miles,mar13_miles,feb13_miles,jan13_miles,dec12_miles,nov12_miles,oct12_miles,sep12_miles,aug12_miles,jul12_miles,jun12_miles,may12_miles,apr12_miles,mar12_miles,feb12_miles,jan12_miles,dec11_miles,nov11_miles,oct11_miles,sep11_miles,aug11_miles,jul11_miles,jun11_miles,may11_miles,apr11_miles,mar11_miles,feb11_miles,jan11_miles,dec10_miles,nov10_miles,oct10_miles,sep10_miles,aug10_miles,jul10_miles,jun10_miles,may10_miles,apr10_miles,mar10_miles,feb10_miles,jan10_miles,dec09_miles,nov09_miles,oct09_miles,sep09_miles,aug09_miles,jul09_miles,jun09_miles,may09_miles,apr09_miles,mar09_miles,feb09_miles,jan09_miles
A1,A1,Freightliner,4.773216527,3,628507,9217,8769,14234,11519,8676,10025,12647,10214,10807,11127,9754,12925,15792,9052,11062,13594,11019,9222,8565,10410,13450,10446,10378,9014,9466,14175,11573,13055,14614,14099,15174,10635,12105,10130,11344,10622,10747,12976,13221,10435,12839,8969,8795,13668,12414,13300,11698,14207,14062,12073,15276,9880,13861,11176
A2,A2,Ford,1.50479352,1,664543,12058,14314,11050,14114,13583,15362,13608,11236,11380,12934,11848,13206,15316,13838,12024,12693,14392,11134,13911,11542,11296,10224,14595,13769,10377,12786,14364,8978,9259,9545,13100,8529,9667,13264,12070,10367,13829,10942,10463,9406,14755,14043,11656,14744,13797,9660,10283,12034,11719,13912,11892,15158,12774,11743
A3,A3,Ford,9.381097714,6,639584,13652,12075,12277,9642,8606,13089,10762,10250,9312,8437,13905,14079,12761,13264,12957,12598,13291,9433,13980,8592,11978,10921,13774,9451,13420,11378,13573,11635,9577,10780,12490,15127,11524,14234,14551,12213,14079,11040,10460,15435,12811,12616,10743,11732,9429,9025,9547,11267,11205,9821,15224,11209,14203,10150
A4,A4,Kenworth,9.045830701,6,663289,12687,10680,11071,12302,8845,14130,12316,11999,14679,13835,13385,11443,9290,11702,15261,11947,9782,11507,12157,10861,13122,11069,12312,10386,8714,10235,10090,14085,14434,14256,9737,13118,9862,13570,14179,13989,12950,11157,8673,15177,9579,14282,14325,12724,12773,8998,11910,12707,13465,14419,14684,13090,15090,14249
A5,A5,Hino,13.30231431,9,676574,10233,14634,9281,13547,12990,13769,11423,12570,14204,15279,14473,11312,13969,13422,14092,10749,10649,12587,8498,15339,10502,13867,11594,10571,13508,15678,14318,14088,13217,12969,14377,11064,12704,10887,13956,14447,12146,10212,10402,13295,15016,10200,9269,10744,10467,11495,15537,14058,13265,12275,14289,13046,9582,10509
A6,A6,Caterpillar,1.542069982,1,648479,14488,13317,10927,10972,14322,12956,14293,12593,11899,8693,13617,10513,11623,13088,11661,11573,10744,13503,9839,9902,13531,13636,9734,11385,13574,9115,9261,10725,13198,15596,13735,10332,12365,12739,13941,14539,9379,8992,12684,10226,13618,12659,14266,14728,10162,11256,11260,12715,9193,13367,11053,12388,9924,12680
A7,A7,Ford,7.64775072,5,653787,10938,12080,13539,13453,12754,11147,11749,15816,13330,10803,9275,11223,13215,8849,10577,13126,11993,12873,14063,9100,13889,10944,12789,14445,11350,14389,14091,12740,9969,10815,11890,14014,12011,10561,10518,10741,10007,13537,15374,14594,14774,14656,8060,12866,10530,9826,9790,10223,13132,14683,12253,12422,9853,12148
A8,A8,Navistar,3.05814606,2,653991,11392,8922,11422,13142,14133,10184,9660,12201,10650,14691,12366,13869,13025,10661,9916,13638,13326,11289,13562,11060,11088,13408,10579,12385,11363,12901,13806,13871,12250,12457,11351,13023,9836,13387,11932,9773,14765,12951,13626,13724,12001,10313,10837,12641,10699,10444,12712,11768,12787,11397,14780,10938,9773,15316
A9,A9,Volvo,9.016373735,6,665456,12601,9707,11914,11531,12913,9648,12035,8453,13856,9692,13051,14617,14482,10494,11086,15225,13531,12320,13974,15563,10620,12734,13800,14059,12302,12309,13391,12058,14120,9893,14365,13410,10675,10776,10894,10624,10498,8565,14132,13023,12539,13137,9953,13285,11823,12052,11633,11316,14756,11811,14841,12615,13636,13118
A10,A10,Peterbilt,8.883927051,6,675377,13699,11583,12833,13168,12751,9391,11971,14276,11132,13841,14740,15351,11393,10254,13728,9443,11215,14100,11466,12994,10937,11992,11840,10210,13328,14832,12827,11954,11950,13292,14176,13526,12092,15044,11687,12447,12002,15542,13672,13771,13568,10435,10993,11864,9031,11072,14045,14839,12902,9940,13086,12030,14468,10654
A11,A11,Peterbilt,7.663398993,5,652452,12447,15726,11461,14566,11557,15319,15166,12052,8542,10500,9041,9225,11125,11534,9663,14289,11401,11482,12973,13168,9434,13087,11873,12903,13661,11651,15536,14425,11662,12083,14091,10043,13763,9530,13776,11376,13342,14164,12957,12238,11416,9169,12965,12525,10043,10513,10926,9131,15373,13924,12919,10660,8571,11485
A12,A12,Caterpillar,7.482330477,5,668241,10006,10307,13044,12229,14624,12995,11159,13078,11374,10864,11114,13682,10849,12369,15159,13100,15431,13329,8790,11510,10583,9779,14668,14539,12682,10590,12048,13197,13704,13717,14162,12108,9638,11426,11134,14199,14797,13394,10034,15540,12650,11166,9116,13969,14313,9561,13804,14493,11454,11565,13441,13581,12415,9761
A13,A13,Oshkosh,6.113226118,4,654319,9740,14663,15470,10682,13177,11656,10189,11652,12238,15263,12663,11815,9292,8977,13525,12792,9401,11129,14602,9535,10748,14279,14843,10146,14361,13128,13355,10276,14076,11518,12712,13363,14212,12982,11484,9435,10188,13542,10674,11441,14445,14152,14190,14367,10361,10989,12689,13041,10264,11300,11264,9740,10200,12093
A14,A14,Crane,9.235813406,6,649645,10608,12746,8908,10716,12053,10001,11940,8447,10940,11418,12087,13697,14453,13459,13940,10050,11261,12325,13985,15216,12561,11970,9717,11505,14161,11334,13776,13279,11853,12475,10057,11709,13937,11802,14215,8634,12756,14039,12437,10443,10786,9175,8955,15503,11589,10502,13955,14034,10224,12374,15373,13775,9477,13013
A15,A15,Ford,9.216080217,6,651036,9650,12659,9978,9558,10328,12379,13393,11085,11291,14695,11972,11709,10511,10346,14244,13557,9558,9724,10809,12666,12856,13038,12797,14866,12727,13585,14003,12943,11247,11872,14387,13920,12181,9069,12150,12407,11377,14418,8519,12685,12749,12823,11441,12497,11021,12264,11811,13756,13123,10514,13754,10062,14541,9521
A16,A16,Navistar,4.701560605,3,638086,10953,12703,9064,9755,12635,10183,14283,14396,10725,13795,13559,13660,9571,10179,14000,10235,13176,13265,15168,11458,10616,11662,8460,12023,9630,11037,13287,12534,10320,10555,11794,15247,13428,8330,13123,8546,12627,10285,10466,11318,12895,12701,10883,12507,14050,13360,9636,9381,13205,12232,11772,14380,11671,11362
A17,A17,Western Star,4.519290592,3,663821,12939,10500,12940,15294,13086,9767,12183,10748,11610,14041,15006,9956,8477,9097,14067,11660,10627,13184,10614,14447,11587,14421,13579,14323,11700,11168,11049,14342,12022,10319,9874,9572,12386,15079,14002,10889,12787,14577,14002,8268,9787,13290,10828,15174,14343,13501,14457,15436,13804,11873,9663,9738,12157,13581
A18,A18,Caterpillar,9.139737446,6,656474,11102,13608,12962,10117,14186,13154,12966,11874,9775,10021,10817,14402,15294,13312,11498,12424,9775,14494,14128,14213,13144,12013,12630,14180,10132,15172,13558,10963,11346,12782,12393,13761,9978,13014,13374,9047,10293,13481,10724,14237,14405,11025,10536,10050,15270,9483,9382,9747,14601,11378,12331,11934,10058,9930
A19,A19,Caterpillar,0,0,660363,14295,10177,11218,13200,14013,13982,11251,12368,11097,11291,11178,13677,13771,9894,12769,15209,10918,11727,10466,11961,13446,13655,11565,11846,11172,9667,12490,14576,11483,10914,10600,13785,12882,11738,10525,11889,13496,11141,9088,15029,10099,11548,13209,14041,13187,13418,14805,10647,10506,14366,11692,9662,13025,14709
A20,A20,Western Star,7.917706525,5,631496,11706,9558,13918,9759,10400,11373,11929,11631,13305,13102,12587,9408,12078,10307,10258,13097,13461,11174,14441,9850,12629,11886,9745,14094,11341,14029,12441,9194,12037,9301,9667,12593,11538,10890,9648,10343,13278,10714,10615,12643,9618,14041,13719,13023,10010,10894,12844,12603,10839,15217,11629,12362,10562,12167
A21,A21,Hino,7.700280444,5,649327,13179,9936,9924,15672,11783,14221,10360,9082,14591,14128,15150,13769,13190,12877,11059,10953,13975,13602,12821,13927,10862,14131,12918,11433,12053,12064,12368,10793,12896,9479,10478,12078,11438,9669,10239,10819,11332,13522,13773,9547,15006,10396,11477,9462,12166,9095,15262,9975,10661,13630,11104,12373,10493,12136
A22,A22,Caterpillar,1.531405294,1,652995,11038,13641,10195,13610,11232,12822,9512,13699,13256,14394,9147,11416,9557,15220,11547,8926,10329,12067,9825,14968,11441,10683,10295,11065,10415,14178,10026,11194,11290,14323,10889,12040,14351,12703,10212,14358,13298,13718,12073,15177,11091,12640,12774,12322,13678,10432,11446,12489,13041,13560,10230,9776,14677,14709
A23,A23,Ford,7.816615937,5,639663,13736,13268,12575,11802,12844,13747,9993,12268,11467,11800,11127,9929,9622,10230,12390,9971,12296,13663,10431,10153,12883,13997,11377,10907,10398,12464,9663,11974,12977,11007,12062,10213,12628,14132,15470,8560,10449,9877,12048,11780,11135,14118,10953,11772,13877,13383,10850,10937,12004,12299,13096,14302,10091,12668
A24,A24,Navistar,5.92299514,4,675334,12038,15021,11552,11438,11500,11595,12662,10998,12349,13879,10573,14641,14198,11109,9360,14420,14335,12000,11104,9344,13077,12853,11461,14489,13688,14829,12338,13679,15126,9407,11806,13258,13121,10910,11490,12136,12541,11686,12502,13934,13976,13619,13087,13018,14119,10087,11325,15542,12316,11452,11458,12795,9344,14749
A25,A25,Volvo,6.198139009,4,645355,11408,10088,12232,8988,8410,12382,13148,14993,15480,10926,11859,10468,10422,13695,12287,8259,14507,9928,11229,12934,8322,13050,13733,14066,11914,10497,14731,14508,11259,12153,9668,15122,11326,12372,15445,12979,11349,14073,11484,13956,13725,10317,9355,11763,10656,9823,10157,10699,10885,13509,15264,9940,10851,12761
A26,A26,Peterbilt,4.82478007,3,621790,11612,8304,8560,8524,13656,10862,9429,11531,13058,9761,12833,14405,10969,10271,13062,14710,14121,13231,12958,14299,12888,11475,14234,9902,12268,13669,12933,12053,10130,8798,10713,10983,9310,9745,9744,11090,10451,8720,12736,11177,13706,11089,12110,11188,9720,13839,10824,10829,11020,12036,11529,13836,10739,10150
A27,A27,Peterbilt,7.455998425,5,670601,11147,9248,13809,14840,10212,11708,13036,13872,14056,9665,12208,10700,14386,14880,14847,10280,14655,12338,12931,12399,9963,10353,12303,10934,15203,12076,13719,13529,14440,13444,10491,15034,14546,15471,13344,13067,10309,9898,10315,8758,10791,12544,11245,11251,15158,14738,8964,14232,9946,13468,10986,13366,11029,14469
A28,A28,Caterpillar,4.575402635,3,655680,10216,13579,10204,14386,10278,13762,11717,11919,14301,10969,9972,10420,8221,14114,12890,14284,12822,14394,13751,12405,12697,11771,14778,10178,10752,10382,10448,11686,14352,14421,14048,12426,9986,13463,15138,8618,10010,14277,9600,11468,14091,9399,15509,11781,14281,10858,13878,13057,13175,10288,13005,11222,8433,11600
A29,A29,Ford,6.356713325,4,629256,12091,14148,10023,9234,12067,8618,13040,8522,12214,10921,12731,9764,13422,14937,9950,12177,9216,14217,9208,14100,10976,8513,13507,12000,14945,9518,11142,12266,10728,12354,9716,9128,11967,11059,14959,12240,11979,9803,11272,11009,10668,8703,14215,11410,12554,11544,14008,14847,8824,11764,12428,11916,12508,14186
A30,A30,Ford,6.179400351,4,647312,14366,12823,9202,14854,11291,13107,10542,13929,12075,10012,12264,11275,12418,10443,13715,12057,13973,12166,10324,13299,13042,9225,13941,8846,9768,9052,10441,14375,15513,11456,14511,13572,13437,12245,13163,10072,14836,10514,9499,10196,9651,12158,14055,8611,13245,11010,11229,13213,10196,11802,11803,14365,14220,9915
A31,A31,Kenworth,2.991235679,2,668620,10690,13172,12557,15515,9809,14064,14400,14958,11455,11532,10783,11857,13003,9460,12385,15407,12036,14518,9984,14513,10917,9167,14217,15660,14672,14044,10544,12319,12452,12616,9888,12888,8993,11457,10694,10912,13077,9723,13611,15010,11894,12682,11059,14145,14879,13214,9616,12052,13217,9845,14169,13512,12368,11009
A32,A32,Hino,6.377367996,4,627218,10517,13754,12306,9233,9094,12671,10129,9615,11291,11776,13696,13498,11809,12153,12134,13262,11442,13570,11741,9542,13936,13500,10496,14890,10339,10639,13622,11729,13829,9344,8854,11157,11469,10560,11973,9002,10436,10814,13106,8774,8956,14062,15836,12302,14028,8838,14521,11146,11836,10185,9177,9326,12412,12891
A33,A33,Caterpillar,6.134527112,4,652047,13125,12176,14605,14208,8840,15012,13372,13346,11154,14949,10704,13309,11641,13550,10593,14174,10677,9295,8873,14966,12478,11284,9129,14075,12800,11714,13332,10111,13671,13453,13313,9892,14743,8693,10615,12377,9974,12118,11592,11033,14074,13160,12247,11010,9548,10378,11541,8308,10889,14477,13267,14483,11283,12416
A34,A34,Freightliner,9.151140232,6,655656,12168,11267,11175,14275,13599,15609,10636,12367,15092,10849,9701,12643,13943,13699,12544,13533,10068,11294,12913,12865,12637,11755,13172,14032,13028,9005,9414,13205,14611,14879,12350,14368,9725,14155,11171,11616,10254,10543,9298,11388,11332,9485,13189,11248,12387,11692,14686,9723,13810,13912,12310,11995,8713,10328
A35,A35,Ford,14.12719815,9,637069,11740,15616,12964,8837,12937,8842,13166,10070,10231,13542,12530,10560,10602,9699,9463,12639,13582,13381,11860,9573,13633,12296,10906,9553,12833,12521,14496,8314,12715,13563,14001,14748,13335,11891,12569,9847,12595,11215,9952,11953,12156,12624,10266,10138,9659,12036,12906,14935,10510,13818,13602,11420,9078,9151
A36,A36,Ford,6.16034769,4,649314,15008,13320,11685,10353,10767,14087,11613,9541,11275,13127,13906,10245,11142,9500,10173,10720,13665,14705,13403,11513,12690,13459,10377,14119,10030,11851,13480,14062,8949,14507,10921,14247,10845,13574,11461,9972,9001,11156,11129,10581,12927,12825,9286,10714,12328,11854,13830,9302,14370,10479,11678,13997,14313,15252
A37,A37,Kenworth,4.657285858,3,644152,14819,10340,11356,14364,11410,13413,9683,15055,13972,10006,15706,13537,12621,13358,9195,9413,13433,12459,10496,9261,10768,12403,10466,12656,12334,9163,11632,14300,9267,11645,12399,11896,9639,11030,11835,14283,10678,10397,13638,14703,12359,15324,11305,10378,12915,11651,10804,11428,8416,13035,10543,12482,10373,14110
A38,A38,Hino,9.223716635,6,650497,13834,14089,13361,12859,13595,10045,15277,14651,10701,9952,10132,11305,15194,13667,13271,10269,15264,10239,14594,11314,11937,10395,12736,8846,12186,13267,13759,13779,11840,10430,12015,9379,13081,15030,13322,10731,14544,10337,8512,15146,8521,9799,10368,13271,14435,12958,9691,10068,11678,13240,11470,9727,9287,11099
A39,A39,Caterpillar,1.532762022,1,652417,13752,10192,11002,12372,11579,12275,12711,11363,11153,14634,12857,13746,9784,13021,13891,14227,10151,12306,13369,8254,10544,10718,11936,10266,14673,11455,12056,10550,14400,14863,11462,9508,10816,10707,13758,11820,11174,10277,9302,9954,13817,15006,13372,10437,12021,13718,11290,10812,11499,13854,11717,14046,12579,15371
A40,A40,Ford,3.109810519,2,643126,10876,13075,14530,14391,9270,14067,10167,15077,10601,10003,14275,10920,10873,11792,13822,14574,13892,12010,9984,10872,10821,12761,10718,10257,12709,12541,9486,10748,14225,11253,12416,12482,12628,14313,13269,13771,14272,10628,9996,9152,11494,11389,15800,9323,8767,10324,10863,9396,11858,13425,11135,11780,12630,11425
A41,A41,Navistar,7.903838736,5,632604,8490,11233,11797,8686,10657,13362,13217,11521,9374,14524,10598,15076,10862,11368,11767,13069,11744,8954,9699,10002,10523,14165,14596,11773,9553,14601,13099,10123,10757,14501,8320,11709,13578,10359,13613,12157,11401,12025,10993,11123,12200,10989,11015,13817,11007,12311,10363,12750,10915,11178,13218,11302,13974,12596
A42,A42,Volvo,3.152277047,2,634462,9734,11259,12425,12691,12513,11976,10052,9773,10120,9010,11787,14061,13672,9583,14111,11128,14091,10170,10049,12910,12824,10538,9799,8967,11979,13846,14111,10199,8981,11645,13172,10868,10124,14150,9072,13019,10753,14088,9255,8918,14804,13385,10832,15429,11084,10104,13114,11106,10816,13942,12693,12011,15231,12488
A43,A43,Peterbilt,9.371588156,6,640233,11657,13262,8430,9451,14449,8464,11934,9231,12932,10351,9966,11062,11628,10345,13682,13651,11173,9042,10992,9902,15757,11178,10115,8946,13884,14512,9331,10032,12455,14403,13774,11178,10304,12616,15490,14312,9565,15304,10335,13543,9384,14721,13117,13944,14506,15316,13632,9292,13154,10626,10107,9744,14698,9354
A44,A44,Peterbilt,10.7263419,7,652599,13505,14594,9611,10790,10948,11584,11057,9926,9817,14918,12784,14404,11294,11873,11074,13453,15209,12159,10901,14318,12187,11788,10332,14462,11934,13156,13091,10348,9873,12618,9638,14510,10507,12211,11370,14326,13395,13374,12498,11138,10364,13593,10701,10762,10382,13380,13336,10823,13148,13093,11660,9555,10489,14338
A45,A45,Caterpillar,6.26758842,4,638204,10591,12738,10178,11958,10786,14155,12958,11072,13814,10720,14956,9176,14687,10148,12650,14208,11629,9272,13327,9913,9577,12779,9922,10337,10810,10129,12674,10558,14549,13725,9583,9903,10221,12687,14155,14583,11925,13441,10521,9696,11831,13206,9754,10803,12035,13071,13563,12621,12385,11891,10461,9828,11547,14497
A46,A46,Volvo,1.560890332,1,640660,14498,14035,12628,8852,11328,11708,9448,10734,9646,13402,12438,13448,9371,11001,9635,15027,12888,11793,10289,10847,9659,9749,8638,9227,11324,10572,14058,11793,9662,12429,10260,13081,12650,15085,12060,9132,14182,15704,13862,10551,9137,8912,13407,13047,13948,14314,12016,11337,11805,9584,14916,14399,14444,12700
A47,A47,Peterbilt,3.2059708,2,623836,13115,8435,11470,13571,13316,15261,14195,10040,11815,9675,9705,9585,11376,11182,9254,10212,13978,9237,11974,9179,12273,11506,10319,13090,9875,11209,12402,11085,10520,11035,14001,9964,8899,13009,13262,10311,10611,10544,15193,12043,10922,10358,11259,14509,11467,12722,12258,14458,11341,13695,8599,12558,12219,9745
A48,A48,Peterbilt,7.922260443,5,631133,12603,10813,13387,9929,15070,10395,10166,11733,9674,14404,12439,9613,11668,9119,15471,13440,10162,15580,8894,9162,8840,15241,11994,10463,9799,9004,9120,13131,8434,10310,11568,15198,9910,14676,9837,12150,10085,10283,10726,14149,10697,12366,12384,11444,14191,12585,10292,12690,14547,11165,13997,8666,12727,14742
A49,A49,Caterpillar,9.564267895,6,627335,12444,9039,10373,12833,11146,13648,10818,12555,10339,9605,13033,10339,10604,15078,11656,12444,11307,8823,10690,14339,14442,12694,9785,9819,12935,9889,14246,12316,9266,9980,11253,10390,11192,9116,11651,12015,11158,10709,12806,9391,10176,13738,11126,12613,10704,12011,13195,9741,14496,12947,12283,13127,12221,12791
A50,A50,Oshkosh,14.06098405,9,640069,14917,13991,11230,12959,9085,9282,12873,11262,12526,11292,9776,9738,9526,11198,14401,9407,13254,10245,14538,10320,8896,13607,12336,10022,10478,10723,8768,14347,9187,14991,11605,15102,13975,14209,10600,13128,9704,14565,9136,12003,9714,10157,12304,11023,12144,11396,12068,10214,12837,12168,14873,15032,14067,12870
A51,A51,Crane,8.028723561,5,622764,9423,9794,10788,11504,11338,9703,10250,12706,9436,13903,9236,13323,10329,10447,11533,10630,11354,11705,10616,10452,10509,8830,10536,12253,11049,9331,12195,13398,12334,11905,11006,12156,13741,14606,10978,10212,15346,10567,13371,13384,11671,13477,9025,13087,11028,10403,11631,12126,12768,15559,10011,11662,10194,13945
A52,A52,Ford,2.923416714,2,684131,12971,12805,14872,10103,13266,13761,14324,11496,13767,10588,15013,11463,12089,12904,11080,12867,11403,11225,11421,14594,10251,12316,14174,11656,10324,13089,12053,11511,12959,12291,12167,14738,15021,13469,15080,15025,13005,12213,13163,10128,13802,14835,11999,12215,13297,12157,13679,10040,10999,9341,13359,14979,12346,14438
A53,A53,Navistar,7.759408671,5,644379,9796,12691,10100,13133,14076,10067,15002,11100,12175,9819,9851,8700,14852,14349,10793,13838,10792,12859,13528,11393,10327,13478,12883,11449,10868,15058,8860,9997,10639,13040,11372,12762,9765,15703,10309,14316,10419,12176,11573,10761,8460,13178,14715,12124,11398,11866,11238,12061,14321,11138,12567,11745,12353,12546
A54,A54,Western Star,6.191758769,4,646020,14969,14223,9813,10303,12101,15533,14210,14943,10627,10918,12681,13456,13122,9975,14776,13883,12933,10668,13587,9747,15225,9649,12969,12379,9793,11809,13703,10794,9527,13540,10251,11858,11563,14185,9667,8778,13059,12994,10966,14424,11633,12536,11907,11213,13187,11258,12037,11934,11212,9950,11599,8567,9655,9731
A55,A55,Caterpillar,3.114566203,2,642144,11401,9565,10370,12203,12043,13845,9332,12943,11482,12871,13155,8513,9174,14156,11124,13442,9503,12459,12120,13549,9786,11144,15616,13435,9221,15664,12545,8650,14334,13217,8805,12911,12722,12107,10475,9149,13338,15017,13813,13126,10135,12482,14499,10019,8389,12184,13985,11682,10525,12307,11318,14284,11826,10184
A56,A56,Caterpillar,4.575465439,3,655671,14241,12995,9841,11534,12056,12180,14640,11321,10407,11708,9670,8736,10932,15092,10912,14537,14282,8290,11573,10381,13677,13829,13510,12347,10401,15380,11101,14649,12721,10704,12348,10051,11975,11381,9993,13164,10097,14440,10794,14411,12969,13356,13809,14624,13053,10030,11771,9099,8829,11580,14648,14585,14018,10999
A57,A57,Freightliner,7.70648763,5,648804,9507,11477,9413,14107,11955,9150,12434,9931,11634,13969,13558,12770,11869,13529,8389,14633,13991,8899,10565,13220,9497,15046,12867,10767,13838,12144,11784,15210,11253,10214,9371,14301,12312,11733,14114,11402,9669,13050,13391,11371,11548,13456,12646,11122,10143,12083,12352,13377,14715,11286,13572,12001,13039,9130
A58,A58,Ford,3.016277341,2,663069,10074,10110,15375,13713,8403,12040,9924,12929,11623,13078,11445,12750,13726,11468,13834,14534,14201,14310,9961,10755,11641,10773,13769,12857,13335,13237,13898,8786,15172,10986,12990,12386,11264,9252,14056,14867,12564,13318,11380,10650,10684,10213,10699,11556,12978,11418,14413,14309,14513,11380,10747,12885,12622,13218
A59,A59,Ford,7.680644928,5,650987,13739,8690,11870,14729,13051,13932,13745,9135,11680,11341,9439,15264,9711,12540,8905,9636,12937,10671,9980,11466,14592,12546,13949,10589,11022,12095,14026,11193,14604,13971,10291,12205,10003,9729,14419,10755,14514,10006,11329,8767,12579,14346,14119,13978,13893,10901,14331,9894,10399,11330,11388,14545,14458,11760
A60,A60,Caterpillar,9.187939298,6,653030,9834,10745,8915,11858,12866,13646,14254,11929,15339,12866,10078,11153,14207,11854,10125,14451,12391,9553,11714,11096,14751,10413,12883,14099,8987,13971,15532,12733,14326,8706,13122,11817,10111,10256,9954,13352,15118,13735,13269,12045,14893,9583,13718,14846,10795,10752,15125,10451,9643,10120,11019,12868,10698,10465
A61,A61,Freightliner,7.760914174,5,644254,14092,12606,14154,11324,12463,13118,10776,10972,10494,13859,14274,12348,12017,12769,10097,9870,12978,9217,11882,12237,12390,15268,11789,10134,14208,11043,13797,13261,13842,10369,11390,8703,8929,10297,10133,12402,12306,9038,15087,9864,12544,14870,13389,11480,12192,9672,11624,9415,9829,12668,9883,14559,11975,14357
A62,A62,Ford,4.790396214,3,626253,11441,13643,10129,10083,12069,11059,14810,12592,9809,15425,11230,10386,12270,10897,9671,13308,9178,8882,14793,8685,10143,14278,12803,12259,9561,8458,12043,13071,12888,11849,10130,10099,9999,11877,13327,13421,15713,10222,14009,9116,8786,8777,9890,9830,12770,11477,10522,14934,9697,13598,13391,8689,13652,14614
A63,A63,Ford,4.787865633,3,626584,13364,10325,10789,12599,14505,10656,13326,10804,12820,12495,14558,14273,14278,8949,13459,12684,10233,8821,13551,12860,14033,11188,9035,8502,9961,11103,13792,10752,8126,9787,12505,12966,12134,11825,10321,9095,8684,11477,12912,13211,11681,10124,11836,12121,10754,10832,9077,10603,13132,10289,15317,12814,11353,9893
A64,A64,Kenworth,4.674178591,3,641824,11865,10590,10101,10231,13989,8993,13851,10306,11802,11120,13036,13412,11779,10329,8573,10202,14491,8378,10990,12199,11364,14277,13728,12433,9937,12488,11540,12662,9735,11898,13313,11086,13125,12742,13532,15154,12625,12742,13148,11002,10174,9837,13948,10650,12527,12892,11090,9299,14491,12554,9901,12368,15064,12261
A65,A65,Hino,1.51765104,1,658913,14214,10912,11501,11506,11595,10240,14308,11027,12562,12623,12535,15191,9533,8921,14224,8842,8917,9882,14345,12090,13171,13852,15430,11420,9914,12359,12201,11289,13841,9481,11796,9967,13534,9664,11553,10232,10959,13482,13002,11714,12792,9464,13436,15225,9897,15294,15372,11615,15373,13573,13018,10937,15309,13779
A66,A66,Caterpillar,9.085223943,6,660413,12719,10120,11608,10458,11718,8952,15176,10195,13011,13960,12550,9062,9981,13390,10369,13501,13311,10940,9780,9692,14119,13949,13913,14661,12906,10429,14278,15622,11065,13572,15027,15272,11603,10814,10756,14247,12406,12136,12124,10545,10194,11358,14579,14063,9327,15091,9365,10169,13218,10751,13957,9959,14330,14115
A67,A67,Ford,6.173468285,4,647934,12458,10230,10443,12740,8927,13632,9894,11372,13197,10528,9783,11800,13444,10738,10707,13513,11680,9689,11274,13410,15044,15263,10682,12656,9500,14003,11165,12318,15321,11183,10870,15739,12385,14252,10910,11030,11216,10269,12340,15083,9133,10021,13759,12425,11650,11438,10586,13466,11897,12919,13843,11285,11117,13707
A68,A68,Navistar,5.951592721,4,672089,11411,14098,9503,13781,13126,13550,10029,14618,13024,13591,13586,14001,14155,11190,12237,14041,11731,11589,14470,11096,13453,11434,11972,10110,10901,14375,10462,13138,14668,13467,14432,13951,14812,11642,12234,11269,15197,13049,9584,10156,12545,12230,11691,10864,12207,10474,10316,12873,9396,13061,15198,13310,10400,12391
A69,A69,Volvo,9.417333859,6,637123,12165,10882,11019,12101,11111,12014,8813,8389,12859,9986,9722,12757,13220,12428,11865,11632,12409,11810,11513,10571,8318,12502,12403,11408,9530,12959,12652,14190,11941,13932,10566,14349,11216,8598,9940,10490,15398,8576,14391,13903,9261,13843,12726,11104,14651,13493,14906,10425,9522,13352,14388,8736,14033,12155
A70,A70,Peterbilt,7.851931418,5,636786,13148,13710,11426,10773,11701,13249,10367,11379,13379,10349,9048,9441,12832,13080,13044,12408,11877,13856,14894,14728,9116,11803,13562,10669,9184,14149,12751,12070,9050,15278,14470,12877,10899,9500,11094,14071,11244,10963,15806,11969,10937,13786,12749,8672,10517,12577,9151,10644,11437,11255,12746,8218,8840,10043
A71,A71,Peterbilt,11.90430132,8,672026,11371,13463,15145,14765,14529,11500,13675,9750,10024,8784,14932,13916,12597,12293,10274,13146,10569,13687,14369,10476,13428,12833,13351,9074,12512,11944,12028,13413,10400,15427,9774,14253,12637,11529,15898,10900,15021,10320,14205,11848,15267,12396,11510,13883,9737,11762,8722,11693,14021,15799,14071,12267,10269,10569
A72,A72,Caterpillar,7.711122832,5,648414,9962,11097,10102,8826,11744,13781,9796,12223,12105,11743,11523,10246,14902,13775,15179,10867,10821,12793,13638,12099,11265,15461,13132,14256,10584,13389,11931,13914,14726,10725,10106,12837,9232,14433,11697,9057,10231,13223,11882,8115,9415,9360,11535,13925,12562,11607,13844,14869,10227,9745,13464,14347,13047,13049
A73,A73,Oshkosh,15.57093964,10,642222,14103,13966,12639,11084,14222,11855,13061,13678,9222,14794,15313,10414,12509,9980,13010,9829,9955,9116,14443,14561,13693,12228,13105,11242,13937,11734,10494,14180,11244,10747,12110,13616,10451,13460,8931,14050,8408,11787,11745,9655,9169,13173,14719,14175,9808,13561,9424,12639,11959,9287,8690,10961,10240,9846
A74,A74,Kenworth,7.825828364,5,638910,10959,14214,8566,14616,10409,9610,13387,10461,11325,11282,11670,11355,13048,14180,8834,13757,12817,9059,11239,13317,13352,11401,15262,11056,12572,9907,13803,12440,14157,13542,11059,11055,10177,12203,11712,9280,15589,13964,14208,14340,12302,10308,12566,10873,11583,10861,10181,9927,13752,10601,9265,9506,10929,11072
A75,A75,Hino,9.197107816,6,652379,11603,15184,8307,9190,10287,13529,13199,12526,14691,13203,10964,13137,13470,10081,10164,15397,13729,11954,14835,10790,10342,10486,10382,11771,11650,9910,13216,12465,12517,12738,11088,11108,12572,8951,12402,13167,9965,9881,15257,15766,11240,14085,11773,14970,13862,10033,9636,11189,15194,9745,13954,9717,11358,13749
A76,A76,Caterpillar,4.591712571,3,653351,13733,9374,14406,11157,12940,12487,13351,14887,9448,10451,11267,8176,10250,10836,14806,14941,14489,13079,12608,12087,14753,9644,11224,12587,10724,13928,11208,10414,10255,12962,14751,11156,10684,13907,13969,9801,13953,10920,9415,14914,13249,13265,13631,9605,10140,10990,11639,10824,12293,13707,9268,14922,13292,10584
A77,A77,Ford,10.55165563,7,663403,13187,14411,12580,12779,11089,8598,12043,13572,13087,12630,13887,13350,11019,14543,8734,13010,10648,13972,9705,12796,12327,11834,14472,10838,14796,11531,10879,11689,11900,11632,11096,15637,11282,14676,9917,14566,10863,9226,9905,11660,14610,11290,12953,12906,11378,13019,12767,14460,9847,10271,14309,13753,10495,14979
A78,A78,Navistar,3.131723419,2,638626,8693,12026,9430,12822,9990,10750,14447,13141,9692,10540,14328,14038,13347,11107,13700,9669,9892,14667,10529,9086,10686,12687,10533,9762,10039,10586,9846,11356,14524,10941,13765,12065,9371,11760,14184,8725,13098,12441,13817,10420,10457,11669,15064,13865,14007,12778,12921,10379,13716,9403,11354,14441,12782,13290
A79,A79,Volvo,1.526500817,1,655093,15548,8505,12225,11766,11177,9284,9238,9859,12100,12878,13181,13713,15756,12764,11744,12979,10454,13562,9298,11010,13138,15171,14471,11578,10705,9937,12997,14840,12894,13420,10440,12308,12636,11455,11976,10692,13666,11032,9480,8974,12637,12096,13794,13565,10617,9464,15574,12175,14937,9425,12324,11376,14021,14237
A80,A80,Peterbilt,7.340904253,5,681115,11108,13595,11419,14485,10765,12841,12034,13403,13491,12497,12834,15378,11363,13575,10813,9958,15097,13966,12867,12721,15028,10534,13060,10559,11602,10309,12178,14005,14443,15822,11533,12252,14343,15224,11389,11797,11983,15140,15200,9695,9417,13688,10756,14478,11477,12301,10237,13980,13481,10206,10661,14317,14485,11325
A81,A81,Peterbilt,9.298389984,6,645273,9506,13370,12561,10852,11058,9349,8653,14153,11471,13133,9771,13779,14434,10456,10900,10832,13261,10578,13577,14382,11633,13822,9937,12822,11464,12881,11622,10855,10286,12313,12860,15091,9407,12496,12259,11924,13316,10617,9716,13741,10580,12938,11984,14434,10259,12195,12307,14415,14279,11873,9723,12274,9193,13681
A82,A82,Caterpillar,3.165949579,2,631722,9951,15119,11071,13323,10524,10156,13472,8962,9644,10527,9359,13973,10760,12199,10096,10992,12403,12737,10427,15648,12800,9487,10976,12229,8230,13733,11205,9980,10522,14153,12328,14820,10956,14473,10648,11937,13139,10279,8611,11259,14047,8689,14198,14688,11087,10622,10127,9238,15126,12331,12435,11844,9327,14855
A83,A83,Oshkosh,4.592970917,3,653172,12388,14835,10948,14068,10104,9617,9716,13331,9398,12644,12600,11816,15430,9686,10127,9947,14838,10803,10814,13597,13981,13654,12822,9357,11466,12609,11127,12005,13840,10969,11909,12688,12861,13248,10332,15270,11651,11521,13100,9828,9532,14338,13213,8829,13922,12647,14358,11738,15218,11860,13529,8319,10304,14420
A84,A84,Freightliner,9.207820509,6,651620,11417,15234,10893,11640,10283,14401,9993,13537,15363,12962,12242,11048,13045,12369,8895,12335,12945,11827,13615,14722,8907,13860,14067,9552,12089,11991,10559,9717,11996,14813,10184,10617,11807,13957,13872,10024,10070,13907,9308,11872,15708,9810,9615,13161,11377,15706,14330,11457,11390,10439,12205,12025,13308,9154
A85,A85,Ford,7.862290411,5,635947,15319,12421,10530,11849,9508,14368,13167,13780,9272,9251,11394,8727,10592,11605,10948,14290,10757,12350,13879,11321,9999,9514,11244,12760,13589,10027,13371,10798,10011,12395,12569,10668,14415,11855,10394,10985,12518,13819,13754,10610,14073,11283,13981,10449,10895,13018,11420,8765,13716,9510,13488,11579,9588,13559
A86,A86,Ford,11.118912,7,629558,9324,13719,14137,9817,13263,12696,9206,11372,8811,13764,12244,13066,12610,14944,8743,8612,12869,10579,8772,9217,8741,11441,10442,11484,14718,13246,13306,12170,10152,11322,10867,10162,11616,8538,10130,11821,8886,13182,11974,12847,10241,11923,12438,14008,10363,12617,10482,14796,13680,12221,12993,12710,11538,14738
A87,A87,Kenworth,9.022244343,6,665023,10958,12508,9857,13669,12502,10779,11846,12998,11605,13044,14344,14905,13338,11185,10725,10313,13562,10235,9827,11300,9318,10661,10794,8744,13545,14230,15262,14143,13516,11804,14094,13787,9934,11663,15541,11599,11181,11616,12556,15592,15597,14176,12976,12354,13510,9852,12787,12827,14201,9161,11712,13853,12551,10386
A88,A88,Hino,7.518559564,5,665021,9653,11494,9807,12397,12687,8218,13721,14832,9741,11237,10680,13219,9651,12998,10785,8770,11401,14321,10883,14351,12805,10432,15454,11906,12393,11293,13825,12256,11706,9783,11381,15414,12701,13191,14543,12874,13132,14580,13373,12980,10069,14970,12089,10656,13619,11062,11548,10704,14827,14986,15275,13253,14408,10687
A89,A89,Caterpillar,3.06499318,2,652530,14955,14587,11678,10276,12142,8858,14481,14115,11646,12489,11766,13313,10334,15156,11761,13209,12128,15113,10592,10828,12820,14110,12921,10467,9715,11024,13646,9046,9206,10481,8679,13356,12158,11667,11991,13059,11401,9707,13877,10658,14497,10098,12826,11281,14134,13075,15264,11169,13944,9945,12921,9663,9969,14328
A90,A90,Ford,7.588600708,5,658883,9163,11374,15066,10788,10041,14563,8447,9621,13712,14528,10543,14793,12457,11289,14309,12956,15295,10373,15083,12949,11383,8826,10580,10515,14715,12749,11061,8924,13446,11640,10543,10177,9384,13771,14802,15280,10033,10560,13370,13077,11613,10823,11677,10450,14599,11304,12220,12400,13794,11686,14880,13607,12905,14739
A91,A91,Navistar,3.075328637,2,650337,10348,11209,12889,13925,10116,11749,10162,14219,12456,13330,12457,8908,11077,13119,10749,9379,11504,13538,13448,12173,11694,10838,12292,12926,11731,15187,14540,12720,11461,14599,11068,13197,10990,14957,10966,13974,11269,9395,10515,13611,11762,9865,10715,10434,13440,9468,15287,9329,14583,8714,15553,10640,12727,13135
A92,A92,Volvo,11.32596283,7,618049,13617,10046,12721,10350,11700,8978,10217,11787,13791,9222,9930,11926,12871,15195,9697,10278,10991,11564,9651,13313,15004,14248,10263,12698,12467,12418,8982,10335,10060,8542,10613,8775,14248,11630,14249,8744,12723,14184,10251,10108,14095,8489,12520,10393,8244,9846,12044,9137,12925,11638,15440,12469,8636,13786
A93,A93,Navistar,9.288932237,6,645930,9433,13849,10908,11774,13931,14090,10210,13640,14043,9685,10066,11481,10566,14662,12501,11370,14865,12222,12884,11148,14242,9891,9753,10119,11367,11194,9023,12984,13132,13940,9816,14986,10597,9294,11939,12833,13305,11691,9576,12919,13279,12488,13460,12568,9453,13974,14232,10724,13852,13570,11099,11064,8377,11861
A94,A94,Volvo,8.865903214,6,676750,13296,12810,14344,11184,10073,15384,11680,14547,12295,12094,14834,11138,14591,11686,14102,14569,12413,15158,13566,14426,11552,10667,13164,12164,10338,15759,9607,15499,14666,9261,11925,9207,14663,12843,10479,13543,10416,11297,12310,11058,10737,12256,12591,14062,10610,13269,10959,12569,10041,10508,14367,13090,14054,13029
A95,A95,Peterbilt,12.44322777,8,642920,14670,12329,12830,11630,13394,12482,10767,12365,10469,9488,12110,9284,10378,14149,8774,11555,13444,14537,9481,13046,8575,11509,14945,15384,11400,11255,10859,14234,11528,13849,13045,14345,12851,10676,11774,11789,12002,13848,12098,13950,10098,10074,10550,12044,10374,11399,8612,15075,10301,15064,9551,12667,9784,10229
A96,A96,Peterbilt,3.123599261,2,640287,12738,13991,9767,15165,11249,9384,9501,14157,11820,14186,12299,14390,14536,9522,12361,13319,9347,12810,9047,10044,9659,12043,14858,12417,11162,14115,10156,13391,10441,9383,9150,11334,13750,11918,12203,13618,9998,11009,11250,12147,12512,8213,10604,14533,12317,12069,14461,10551,10113,10595,12519,11023,12484,14658
A97,A97,Caterpillar,31.68572827,20,631199,13489,10189,13902,11478,10636,11633,11325,11316,10626,11378,14064,15508,13137,11929,11619,12147,10785,13505,11680,13899,8647,12596,12340,11093,12217,10544,11917,15333,10968,11872,11093,12422,12394,10305,9256,14634,9051,11015,8414,11197,12097,9665,10952,12078,12444,10435,11103,11296,11352,12729,9916,12562,10654,12363
A98,A98,Volvo,9.453806339,6,634665,10732,11661,10426,11837,11915,13332,10785,13118,11399,12384,13202,14622,9940,9722,10298,11277,13732,10700,12128,8646,10924,8552,12786,10990,9339,14411,11959,13478,10591,14079,10264,9836,12299,11554,10870,10841,10799,14975,15421,12808,11063,10587,10349,9074,11286,10151,14971,15863,11884,13159,14738,11088,11496,10324
A99,A99,Peterbilt,6.242197253,4,640800,13912,12916,9923,11069,11904,11197,14551,11366,11551,12256,11130,10664,14685,13337,11868,13844,12781,9712,13164,15530,11465,9731,10680,11912,13152,9565,8092,12286,11109,13298,10813,13925,9282,15402,10551,13670,12897,13617,13273,9610,8746,10224,12409,14832,11926,9150,9631,10523,13518,11137,10929,12901,12717,10467
A100,A100,Peterbilt,6.305786505,4,634338,13019,13991,12698,11924,10562,13821,10809,13328,14989,9181,8946,12809,10803,9987,8355,9461,10539,9473,9757,13385,13263,11808,10284,11734,13593,14924,14383,8433,12028,12233,9423,13407,14414,9152,13150,8984,12044,15365,10292,14229,10661,10465,10440,12445,9845,11410,13130,12687,12080,12080,8179,12034,14187,13715
